Name,Email,Password,Role
Adinolfi, Wilson  K,adinolfi.wilson.k@dayflow.com,Dayflow@10026,EMPLOYEE
Ait Sidi, Karthikeyan   ,ait.sidi.karthikeyan@dayflow.com,Dayflow@10084,EMPLOYEE
Akinkuolie, Sarah,akinkuolie.sarah@dayflow.com,Dayflow@10196,EMPLOYEE
Alagbe,Trina,alagbe.trina@dayflow.com,Dayflow@10088,EMPLOYEE
Anderson, Carol ,anderson.carol@dayflow.com,Dayflow@10069,EMPLOYEE
Anderson, Linda  ,anderson.linda@dayflow.com,Dayflow@10002,EMPLOYEE
Andreola, Colby,andreola.colby@dayflow.com,Dayflow@10194,EMPLOYEE
Athwal, Sam,athwal.sam@dayflow.com,Dayflow@10062,EMPLOYEE
Bachiochi, Linda,bachiochi.linda@dayflow.com,Dayflow@10114,EMPLOYEE
Bacong, Alejandro ,bacong.alejandro@dayflow.com,Dayflow@10250,EMPLOYEE
Baczenski, Rachael  ,baczenski.rachael@dayflow.com,Dayflow@10252,EMPLOYEE
Barbara, Thomas,barbara.thomas@dayflow.com,Dayflow@10242,EMPLOYEE
Barbossa, Hector,barbossa.hector@dayflow.com,Dayflow@10012,EMPLOYEE
Barone, Francesco  A,barone.francesco.a@dayflow.com,Dayflow@10265,EMPLOYEE
Barton, Nader,barton.nader@dayflow.com,Dayflow@10066,EMPLOYEE
Bates, Norman,bates.norman@dayflow.com,Dayflow@10061,EMPLOYEE
Beak, Kimberly  ,beak.kimberly@dayflow.com,Dayflow@10023,EMPLOYEE
Beatrice, Courtney ,beatrice.courtney@dayflow.com,Dayflow@10055,EMPLOYEE
Becker, Renee,becker.renee@dayflow.com,Dayflow@10245,EMPLOYEE
Becker, Scott,becker.scott@dayflow.com,Dayflow@10277,EMPLOYEE
Bernstein, Sean,bernstein.sean@dayflow.com,Dayflow@10046,EMPLOYEE
Biden, Lowan  M,biden.lowan.m@dayflow.com,Dayflow@10226,EMPLOYEE
Billis, Helen,billis.helen@dayflow.com,Dayflow@10003,EMPLOYEE
Blount, Dianna,blount.dianna@dayflow.com,Dayflow@10294,EMPLOYEE
Bondwell, Betsy,bondwell.betsy@dayflow.com,Dayflow@10267,EMPLOYEE
Booth, Frank,booth.frank@dayflow.com,Dayflow@10199,EMPLOYEE
Boutwell, Bonalyn,boutwell.bonalyn@dayflow.com,Dayflow@10081,EMPLOYEE
Bozzi, Charles,bozzi.charles@dayflow.com,Dayflow@10175,EMPLOYEE
Brill, Donna,brill.donna@dayflow.com,Dayflow@10177,EMPLOYEE
Brown, Mia,brown.mia@dayflow.com,Dayflow@10238,EMPLOYEE
Buccheri, Joseph  ,buccheri.joseph@dayflow.com,Dayflow@10184,EMPLOYEE
Bugali, Josephine ,bugali.josephine@dayflow.com,Dayflow@10203,EMPLOYEE
Bunbury, Jessica,bunbury.jessica@dayflow.com,Dayflow@10188,EMPLOYEE
Burke, Joelle,burke.joelle@dayflow.com,Dayflow@10107,EMPLOYEE
Burkett, Benjamin ,burkett.benjamin@dayflow.com,Dayflow@10181,EMPLOYEE
Cady, Max ,cady.max@dayflow.com,Dayflow@10150,EMPLOYEE
Candie, Calvin,candie.calvin@dayflow.com,Dayflow@10001,EMPLOYEE
Carabbio, Judith,carabbio.judith@dayflow.com,Dayflow@10085,EMPLOYEE
Carey, Michael  ,carey.michael@dayflow.com,Dayflow@10115,EMPLOYEE
Carr, Claudia  N,carr.claudia.n@dayflow.com,Dayflow@10082,EMPLOYEE
Carter, Michelle ,carter.michelle@dayflow.com,Dayflow@10040,EMPLOYEE
Chace, Beatrice ,chace.beatrice@dayflow.com,Dayflow@10067,EMPLOYEE
Champaigne, Brian,champaigne.brian@dayflow.com,Dayflow@10108,EMPLOYEE
Chan, Lin,chan.lin@dayflow.com,Dayflow@10210,EMPLOYEE
Chang, Donovan  E,chang.donovan.e@dayflow.com,Dayflow@10154,EMPLOYEE
Chigurh, Anton,chigurh.anton@dayflow.com,Dayflow@10200,EMPLOYEE
Chivukula, Enola,chivukula.enola@dayflow.com,Dayflow@10240,EMPLOYEE
Cierpiszewski, Caroline  ,cierpiszewski.caroline@dayflow.com,Dayflow@10168,EMPLOYEE
Clayton, Rick,clayton.rick@dayflow.com,Dayflow@10220,EMPLOYEE
Cloninger, Jennifer,cloninger.jennifer@dayflow.com,Dayflow@10275,EMPLOYEE
Close, Phil,close.phil@dayflow.com,Dayflow@10269,EMPLOYEE
Clukey, Elijian,clukey.elijian@dayflow.com,Dayflow@10029,EMPLOYEE
Cockel, James,cockel.james@dayflow.com,Dayflow@10261,EMPLOYEE
Cole, Spencer,cole.spencer@dayflow.com,Dayflow@10292,EMPLOYEE
Corleone, Michael,corleone.michael@dayflow.com,Dayflow@10282,EMPLOYEE
Corleone, Vito,corleone.vito@dayflow.com,Dayflow@10019,EMPLOYEE
Cornett, Lisa ,cornett.lisa@dayflow.com,Dayflow@10094,EMPLOYEE
Costello, Frank,costello.frank@dayflow.com,Dayflow@10193,EMPLOYEE
Crimmings,   Jean,crimmings.jean@dayflow.com,Dayflow@10132,EMPLOYEE
Cross, Noah,cross.noah@dayflow.com,Dayflow@10083,EMPLOYEE
Daneault, Lynn,daneault.lynn@dayflow.com,Dayflow@10099,EMPLOYEE
Daniele, Ann  ,daniele.ann@dayflow.com,Dayflow@10212,EMPLOYEE
Darson, Jene'ya ,darson.jene.ya@dayflow.com,Dayflow@10056,EMPLOYEE
Davis, Daniel,davis.daniel@dayflow.com,Dayflow@10143,EMPLOYEE
Dee, Randy,dee.randy@dayflow.com,Dayflow@10311,EMPLOYEE
DeGweck,  James,degweck.james@dayflow.com,Dayflow@10070,EMPLOYEE
Del Bosque, Keyla,del.bosque.keyla@dayflow.com,Dayflow@10155,EMPLOYEE
Delarge, Alex,delarge.alex@dayflow.com,Dayflow@10306,EMPLOYEE
Demita, Carla,demita.carla@dayflow.com,Dayflow@10100,EMPLOYEE
Desimone, Carl ,desimone.carl@dayflow.com,Dayflow@10310,EMPLOYEE
DeVito, Tommy,devito.tommy@dayflow.com,Dayflow@10197,EMPLOYEE
Dickinson, Geoff ,dickinson.geoff@dayflow.com,Dayflow@10276,EMPLOYEE
Dietrich, Jenna  ,dietrich.jenna@dayflow.com,Dayflow@10304,EMPLOYEE
DiNocco, Lily ,dinocco.lily@dayflow.com,Dayflow@10284,EMPLOYEE
Dobrin, Denisa  S,dobrin.denisa.s@dayflow.com,Dayflow@10207,EMPLOYEE
Dolan, Linda,dolan.linda@dayflow.com,Dayflow@10133,EMPLOYEE
Dougall, Eric,dougall.eric@dayflow.com,Dayflow@10028,EMPLOYEE
Driver, Elle,driver.elle@dayflow.com,Dayflow@10006,EMPLOYEE
Dunn, Amy  ,dunn.amy@dayflow.com,Dayflow@10105,EMPLOYEE
Dunne, Amy,dunne.amy@dayflow.com,Dayflow@10211,EMPLOYEE
Eaton, Marianne,eaton.marianne@dayflow.com,Dayflow@10064,EMPLOYEE
Engdahl, Jean,engdahl.jean@dayflow.com,Dayflow@10247,EMPLOYEE
England, Rex,england.rex@dayflow.com,Dayflow@10235,EMPLOYEE
Erilus, Angela,erilus.angela@dayflow.com,Dayflow@10299,EMPLOYEE
Estremera, Miguel,estremera.miguel@dayflow.com,Dayflow@10280,EMPLOYEE
Evensen, April,evensen.april@dayflow.com,Dayflow@10296,EMPLOYEE
Exantus, Susan,exantus.susan@dayflow.com,Dayflow@10290,EMPLOYEE
Faller, Megan ,faller.megan@dayflow.com,Dayflow@10263,EMPLOYEE
Fancett, Nicole,fancett.nicole@dayflow.com,Dayflow@10136,EMPLOYEE
Ferguson, Susan,ferguson.susan@dayflow.com,Dayflow@10189,EMPLOYEE
Fernandes, Nilson  ,fernandes.nilson@dayflow.com,Dayflow@10308,EMPLOYEE
Fett, Boba,fett.boba@dayflow.com,Dayflow@10309,EMPLOYEE
Fidelia,  Libby,fidelia.libby@dayflow.com,Dayflow@10049,EMPLOYEE
Fitzpatrick, Michael  J,fitzpatrick.michael.j@dayflow.com,Dayflow@10093,EMPLOYEE
Foreman, Tanya,foreman.tanya@dayflow.com,Dayflow@10163,EMPLOYEE
Forrest, Alex,forrest.alex@dayflow.com,Dayflow@10305,EMPLOYEE
Foss, Jason,foss.jason@dayflow.com,Dayflow@10015,EMPLOYEE
Foster-Baker, Amy,foster.baker.amy@dayflow.com,Dayflow@10080,EMPLOYEE
Fraval, Maruk ,fraval.maruk@dayflow.com,Dayflow@10258,EMPLOYEE
Galia, Lisa,galia.lisa@dayflow.com,Dayflow@10273,EMPLOYEE
Garcia, Raul,garcia.raul@dayflow.com,Dayflow@10111,EMPLOYEE
Gaul, Barbara,gaul.barbara@dayflow.com,Dayflow@10257,EMPLOYEE
Gentry, Mildred,gentry.mildred@dayflow.com,Dayflow@10159,EMPLOYEE
Gerke, Melisa,gerke.melisa@dayflow.com,Dayflow@10122,EMPLOYEE
Gill, Whitney  ,gill.whitney@dayflow.com,Dayflow@10142,EMPLOYEE
Gilles, Alex,gilles.alex@dayflow.com,Dayflow@10283,EMPLOYEE
Girifalco, Evelyn,girifalco.evelyn@dayflow.com,Dayflow@10018,EMPLOYEE
Givens, Myriam,givens.myriam@dayflow.com,Dayflow@10255,EMPLOYEE
Goble, Taisha,goble.taisha@dayflow.com,Dayflow@10246,EMPLOYEE
Goeth, Amon,goeth.amon@dayflow.com,Dayflow@10228,EMPLOYEE
Gold, Shenice  ,gold.shenice@dayflow.com,Dayflow@10243,EMPLOYEE
Gonzalez, Cayo,gonzalez.cayo@dayflow.com,Dayflow@10031,EMPLOYEE
Gonzalez, Juan,gonzalez.juan@dayflow.com,Dayflow@10300,EMPLOYEE
Gonzalez, Maria,gonzalez.maria@dayflow.com,Dayflow@10101,EMPLOYEE
Good, Susan,good.susan@dayflow.com,Dayflow@10237,EMPLOYEE
Gordon, David,gordon.david@dayflow.com,Dayflow@10051,EMPLOYEE
Gosciminski, Phylicia  ,gosciminski.phylicia@dayflow.com,Dayflow@10218,EMPLOYEE
Goyal, Roxana,goyal.roxana@dayflow.com,Dayflow@10256,EMPLOYEE
Gray, Elijiah  ,gray.elijiah@dayflow.com,Dayflow@10098,EMPLOYEE
Gross, Paula,gross.paula@dayflow.com,Dayflow@10059,EMPLOYEE
Gruber, Hans,gruber.hans@dayflow.com,Dayflow@10234,EMPLOYEE
Guilianno, Mike,guilianno.mike@dayflow.com,Dayflow@10109,EMPLOYEE
Handschiegl, Joanne,handschiegl.joanne@dayflow.com,Dayflow@10125,EMPLOYEE
Hankard, Earnest,hankard.earnest@dayflow.com,Dayflow@10074,EMPLOYEE
Harrington, Christie ,harrington.christie@dayflow.com,Dayflow@10097,EMPLOYEE
Harrison, Kara,harrison.kara@dayflow.com,Dayflow@10007,EMPLOYEE
Heitzman, Anthony,heitzman.anthony@dayflow.com,Dayflow@10129,EMPLOYEE
Hendrickson, Trina,hendrickson.trina@dayflow.com,Dayflow@10075,EMPLOYEE
Hitchcock, Alfred,hitchcock.alfred@dayflow.com,Dayflow@10167,EMPLOYEE
Homberger, Adrienne  J,homberger.adrienne.j@dayflow.com,Dayflow@10195,EMPLOYEE
Horton, Jayne,horton.jayne@dayflow.com,Dayflow@10112,EMPLOYEE
Houlihan, Debra,houlihan.debra@dayflow.com,Dayflow@10272,EMPLOYEE
Howard, Estelle,howard.estelle@dayflow.com,Dayflow@10182,EMPLOYEE
Hudson, Jane,hudson.jane@dayflow.com,Dayflow@10248,EMPLOYEE
Hunts, Julissa,hunts.julissa@dayflow.com,Dayflow@10201,EMPLOYEE
Hutter, Rosalie,hutter.rosalie@dayflow.com,Dayflow@10214,EMPLOYEE
Huynh, Ming,huynh.ming@dayflow.com,Dayflow@10160,EMPLOYEE
Immediato, Walter,immediato.walter@dayflow.com,Dayflow@10289,EMPLOYEE
Ivey, Rose ,ivey.rose@dayflow.com,Dayflow@10139,EMPLOYEE
Jackson, Maryellen,jackson.maryellen@dayflow.com,Dayflow@10227,EMPLOYEE
Jacobi, Hannah  ,jacobi.hannah@dayflow.com,Dayflow@10236,EMPLOYEE
Jeannite, Tayana,jeannite.tayana@dayflow.com,Dayflow@10009,EMPLOYEE
Jhaveri, Sneha  ,jhaveri.sneha@dayflow.com,Dayflow@10060,EMPLOYEE
Johnson, George,johnson.george@dayflow.com,Dayflow@10034,EMPLOYEE
Johnson, Noelle ,johnson.noelle@dayflow.com,Dayflow@10156,EMPLOYEE
Johnston, Yen,johnston.yen@dayflow.com,Dayflow@10036,EMPLOYEE
Jung, Judy  ,jung.judy@dayflow.com,Dayflow@10138,EMPLOYEE
Kampew, Donysha,kampew.donysha@dayflow.com,Dayflow@10244,EMPLOYEE
Keatts, Kramer ,keatts.kramer@dayflow.com,Dayflow@10192,EMPLOYEE
Khemmich, Bartholemew,khemmich.bartholemew@dayflow.com,Dayflow@10231,EMPLOYEE
King, Janet,king.janet@dayflow.com,Dayflow@10089,EMPLOYEE
Kinsella, Kathleen  ,kinsella.kathleen@dayflow.com,Dayflow@10166,EMPLOYEE
Kirill, Alexandra  ,kirill.alexandra@dayflow.com,Dayflow@10170,EMPLOYEE
Knapp, Bradley  J,knapp.bradley.j@dayflow.com,Dayflow@10208,EMPLOYEE
Kretschmer, John,kretschmer.john@dayflow.com,Dayflow@10176,EMPLOYEE
Kreuger, Freddy,kreuger.freddy@dayflow.com,Dayflow@10165,EMPLOYEE
Lajiri,  Jyoti,lajiri.jyoti@dayflow.com,Dayflow@10113,EMPLOYEE
Landa, Hans,landa.hans@dayflow.com,Dayflow@10092,EMPLOYEE
Langford, Lindsey,langford.lindsey@dayflow.com,Dayflow@10106,EMPLOYEE
Langton, Enrico,langton.enrico@dayflow.com,Dayflow@10052,EMPLOYEE
LaRotonda, William  ,larotonda.william@dayflow.com,Dayflow@10038,EMPLOYEE
Latif, Mohammed,latif.mohammed@dayflow.com,Dayflow@10249,EMPLOYEE
Le, Binh,le.binh@dayflow.com,Dayflow@10232,EMPLOYEE
Leach, Dallas,leach.dallas@dayflow.com,Dayflow@10087,EMPLOYEE
LeBlanc, Brandon  R,leblanc.brandon.r@dayflow.com,Dayflow@10134,EMPLOYEE
Lecter, Hannibal,lecter.hannibal@dayflow.com,Dayflow@10251,EMPLOYEE
Leruth, Giovanni,leruth.giovanni@dayflow.com,Dayflow@10103,EMPLOYEE
Liebig, Ketsia,liebig.ketsia@dayflow.com,Dayflow@10017,EMPLOYEE
Linares, Marilyn ,linares.marilyn@dayflow.com,Dayflow@10186,EMPLOYEE
Linden, Mathew,linden.mathew@dayflow.com,Dayflow@10137,EMPLOYEE
Lindsay, Leonara ,lindsay.leonara@dayflow.com,Dayflow@10008,EMPLOYEE
Lundy, Susan,lundy.susan@dayflow.com,Dayflow@10096,EMPLOYEE
Lunquist, Lisa,lunquist.lisa@dayflow.com,Dayflow@10035,EMPLOYEE
Lydon, Allison,lydon.allison@dayflow.com,Dayflow@10057,EMPLOYEE
Lynch, Lindsay,lynch.lindsay@dayflow.com,Dayflow@10004,EMPLOYEE
MacLennan, Samuel,maclennan.samuel@dayflow.com,Dayflow@10191,EMPLOYEE
Mahoney, Lauren  ,mahoney.lauren@dayflow.com,Dayflow@10219,EMPLOYEE
Manchester, Robyn,manchester.robyn@dayflow.com,Dayflow@10077,EMPLOYEE
Mancuso, Karen,mancuso.karen@dayflow.com,Dayflow@10073,EMPLOYEE
Mangal, Debbie,mangal.debbie@dayflow.com,Dayflow@10279,EMPLOYEE
Martin, Sandra,martin.sandra@dayflow.com,Dayflow@10110,EMPLOYEE
Maurice, Shana,maurice.shana@dayflow.com,Dayflow@10053,EMPLOYEE
Carthy, B'rigit,carthy.b.rigit@dayflow.com,Dayflow@10076,EMPLOYEE
Mckenna, Sandy,mckenna.sandy@dayflow.com,Dayflow@10145,EMPLOYEE
McKinzie, Jac,mckinzie.jac@dayflow.com,Dayflow@10202,EMPLOYEE
Meads, Elizabeth,meads.elizabeth@dayflow.com,Dayflow@10128,EMPLOYEE
Medeiros, Jennifer,medeiros.jennifer@dayflow.com,Dayflow@10068,EMPLOYEE
Miller, Brannon,miller.brannon@dayflow.com,Dayflow@10116,EMPLOYEE
Miller, Ned,miller.ned@dayflow.com,Dayflow@10298,EMPLOYEE
Monkfish, Erasumus,monkfish.erasumus@dayflow.com,Dayflow@10213,EMPLOYEE
Monroe, Peter,monroe.peter@dayflow.com,Dayflow@10288,EMPLOYEE
Monterro, Luisa,monterro.luisa@dayflow.com,Dayflow@10025,EMPLOYEE
Moran, Patrick,moran.patrick@dayflow.com,Dayflow@10223,EMPLOYEE
Morway, Tanya,morway.tanya@dayflow.com,Dayflow@10151,EMPLOYEE
Motlagh,  Dawn,motlagh.dawn@dayflow.com,Dayflow@10254,EMPLOYEE
Moumanil, Maliki ,moumanil.maliki@dayflow.com,Dayflow@10120,EMPLOYEE
Myers, Michael,myers.michael@dayflow.com,Dayflow@10216,EMPLOYEE
Navathe, Kurt,navathe.kurt@dayflow.com,Dayflow@10079,EMPLOYEE
Ndzi, Colombui,ndzi.colombui@dayflow.com,Dayflow@10215,EMPLOYEE
Ndzi, Horia,ndzi.horia@dayflow.com,Dayflow@10185,EMPLOYEE
Newman, Richard ,newman.richard@dayflow.com,Dayflow@10063,EMPLOYEE
Ngodup, Shari ,ngodup.shari@dayflow.com,Dayflow@10037,EMPLOYEE
Nguyen, Dheepa,nguyen.dheepa@dayflow.com,Dayflow@10042,EMPLOYEE
Nguyen, Lei-Ming,nguyen.lei.ming@dayflow.com,Dayflow@10206,EMPLOYEE
Nowlan, Kristie,nowlan.kristie@dayflow.com,Dayflow@10104,EMPLOYEE
O'hare, Lynn,o.hare.lynn@dayflow.com,Dayflow@10303,EMPLOYEE
Oliver, Brooke ,oliver.brooke@dayflow.com,Dayflow@10078,EMPLOYEE
Onque, Jasmine,onque.jasmine@dayflow.com,Dayflow@10121,EMPLOYEE
Osturnka, Adeel,osturnka.adeel@dayflow.com,Dayflow@10021,EMPLOYEE
Owad, Clinton,owad.clinton@dayflow.com,Dayflow@10281,EMPLOYEE
Ozark, Travis,ozark.travis@dayflow.com,Dayflow@10041,EMPLOYEE
Panjwani, Nina,panjwani.nina@dayflow.com,Dayflow@10148,EMPLOYEE
Patronick, Lucas,patronick.lucas@dayflow.com,Dayflow@10005,EMPLOYEE
Pearson, Randall,pearson.randall@dayflow.com,Dayflow@10259,EMPLOYEE
Smith, Martin,smith.martin@dayflow.com,Dayflow@10286,EMPLOYEE
Pelletier, Ermine,pelletier.ermine@dayflow.com,Dayflow@10297,EMPLOYEE
Perry, Shakira,perry.shakira@dayflow.com,Dayflow@10171,EMPLOYEE
Peters, Lauren,peters.lauren@dayflow.com,Dayflow@10032,EMPLOYEE
Peterson, Ebonee  ,peterson.ebonee@dayflow.com,Dayflow@10130,EMPLOYEE
Petingill, Shana  ,petingill.shana@dayflow.com,Dayflow@10217,EMPLOYEE
Petrowsky, Thelma,petrowsky.thelma@dayflow.com,Dayflow@10016,EMPLOYEE
Pham, Hong,pham.hong@dayflow.com,Dayflow@10050,EMPLOYEE
Pitt, Brad ,pitt.brad@dayflow.com,Dayflow@10164,EMPLOYEE
Potts, Xana,potts.xana@dayflow.com,Dayflow@10124,EMPLOYEE
Power, Morissa,power.morissa@dayflow.com,Dayflow@10187,EMPLOYEE
Punjabhi, Louis  ,punjabhi.louis@dayflow.com,Dayflow@10225,EMPLOYEE
Purinton, Janine,purinton.janine@dayflow.com,Dayflow@10262,EMPLOYEE
Quinn, Sean,quinn.sean@dayflow.com,Dayflow@10131,EMPLOYEE
Rachael, Maggie,rachael.maggie@dayflow.com,Dayflow@10239,EMPLOYEE
Rarrick, Quinn,rarrick.quinn@dayflow.com,Dayflow@10152,EMPLOYEE
Ren, Kylo,ren.kylo@dayflow.com,Dayflow@10140,EMPLOYEE
Rhoads, Thomas,rhoads.thomas@dayflow.com,Dayflow@10058,EMPLOYEE
Rivera, Haley  ,rivera.haley@dayflow.com,Dayflow@10011,EMPLOYEE
Roberson, May,roberson.may@dayflow.com,Dayflow@10230,EMPLOYEE
Robertson, Peter,robertson.peter@dayflow.com,Dayflow@10224,EMPLOYEE
Robinson, Alain  ,robinson.alain@dayflow.com,Dayflow@10047,EMPLOYEE
Robinson, Cherly,robinson.cherly@dayflow.com,Dayflow@10285,EMPLOYEE
Robinson, Elias,robinson.elias@dayflow.com,Dayflow@10020,EMPLOYEE
Roby, Lori ,roby.lori@dayflow.com,Dayflow@10162,EMPLOYEE
Roehrich, Bianca,roehrich.bianca@dayflow.com,Dayflow@10149,EMPLOYEE
Roper, Katie,roper.katie@dayflow.com,Dayflow@10086,EMPLOYEE
Rose, Ashley  ,rose.ashley@dayflow.com,Dayflow@10054,EMPLOYEE
Rossetti, Bruno,rossetti.bruno@dayflow.com,Dayflow@10065,EMPLOYEE
Roup,Simon,roup.simon@dayflow.com,Dayflow@10198,EMPLOYEE
Ruiz, Ricardo,ruiz.ricardo@dayflow.com,Dayflow@10222,EMPLOYEE
Saada, Adell,saada.adell@dayflow.com,Dayflow@10126,EMPLOYEE
Saar-Beckles, Melinda,saar.beckles.melinda@dayflow.com,Dayflow@10295,EMPLOYEE
Sadki, Nore  ,sadki.nore@dayflow.com,Dayflow@10260,EMPLOYEE
Sahoo, Adil,sahoo.adil@dayflow.com,Dayflow@10233,EMPLOYEE
Salter, Jason,salter.jason@dayflow.com,Dayflow@10229,EMPLOYEE
Sander, Kamrin,sander.kamrin@dayflow.com,Dayflow@10169,EMPLOYEE
Sewkumar, Nori,sewkumar.nori@dayflow.com,Dayflow@10071,EMPLOYEE
Shepard, Anita ,shepard.anita@dayflow.com,Dayflow@10179,EMPLOYEE
Shields, Seffi,shields.seffi@dayflow.com,Dayflow@10091,EMPLOYEE
Simard, Kramer,simard.kramer@dayflow.com,Dayflow@10178,EMPLOYEE
Singh, Nan ,singh.nan@dayflow.com,Dayflow@10039,EMPLOYEE
Sloan, Constance,sloan.constance@dayflow.com,Dayflow@10095,EMPLOYEE
Smith, Joe,smith.joe@dayflow.com,Dayflow@10027,EMPLOYEE
Smith, John,smith.john@dayflow.com,Dayflow@10291,EMPLOYEE
Smith, Leigh Ann,smith.leigh.ann@dayflow.com,Dayflow@10153,EMPLOYEE
Smith, Sade,smith.sade@dayflow.com,Dayflow@10157,EMPLOYEE
Soto, Julia ,soto.julia@dayflow.com,Dayflow@10119,EMPLOYEE
Soze, Keyser,soze.keyser@dayflow.com,Dayflow@10180,EMPLOYEE
Sparks, Taylor  ,sparks.taylor@dayflow.com,Dayflow@10302,EMPLOYEE
Spirea, Kelley,spirea.kelley@dayflow.com,Dayflow@10090,EMPLOYEE
Squatrito, Kristen,squatrito.kristen@dayflow.com,Dayflow@10030,EMPLOYEE
Stanford,Barbara  M,stanford.barbara.m@dayflow.com,Dayflow@10278,EMPLOYEE
Stansfield, Norman,stansfield.norman@dayflow.com,Dayflow@10307,EMPLOYEE
Steans, Tyrone  ,steans.tyrone@dayflow.com,Dayflow@10147,EMPLOYEE
Stoica, Rick,stoica.rick@dayflow.com,Dayflow@10266,EMPLOYEE
Strong, Caitrin,strong.caitrin@dayflow.com,Dayflow@10241,EMPLOYEE
Sullivan, Kissy ,sullivan.kissy@dayflow.com,Dayflow@10158,EMPLOYEE
Sullivan, Timothy,sullivan.timothy@dayflow.com,Dayflow@10117,EMPLOYEE
Sutwell, Barbara,sutwell.barbara@dayflow.com,Dayflow@10209,EMPLOYEE
Szabo, Andrew,szabo.andrew@dayflow.com,Dayflow@10024,EMPLOYEE
Tannen, Biff,tannen.biff@dayflow.com,Dayflow@10173,EMPLOYEE
Tavares, Desiree  ,tavares.desiree@dayflow.com,Dayflow@10221,EMPLOYEE
Tejeda, Lenora ,tejeda.lenora@dayflow.com,Dayflow@10146,EMPLOYEE
Terry, Sharlene ,terry.sharlene@dayflow.com,Dayflow@10161,EMPLOYEE
Theamstern, Sophia,theamstern.sophia@dayflow.com,Dayflow@10141,EMPLOYEE
Thibaud, Kenneth,thibaud.kenneth@dayflow.com,Dayflow@10268,EMPLOYEE
Tippett, Jeanette,tippett.jeanette@dayflow.com,Dayflow@10123,EMPLOYEE
Torrence, Jack,torrence.jack@dayflow.com,Dayflow@10013,EMPLOYEE
Trang, Mei,trang.mei@dayflow.com,Dayflow@10287,EMPLOYEE
Tredinnick, Neville ,tredinnick.neville@dayflow.com,Dayflow@10044,EMPLOYEE
True, Edward,true.edward@dayflow.com,Dayflow@10102,EMPLOYEE
Trzeciak, Cybil,trzeciak.cybil@dayflow.com,Dayflow@10270,EMPLOYEE
Turpin, Jumil,turpin.jumil@dayflow.com,Dayflow@10045,EMPLOYEE
Valentin,Jackie,valentin.jackie@dayflow.com,Dayflow@10205,EMPLOYEE
Veera, Abdellah ,veera.abdellah@dayflow.com,Dayflow@10014,EMPLOYEE
Vega, Vincent,vega.vincent@dayflow.com,Dayflow@10144,EMPLOYEE
Villanueva, Noah,villanueva.noah@dayflow.com,Dayflow@10253,EMPLOYEE
Voldemort, Lord,voldemort.lord@dayflow.com,Dayflow@10118,EMPLOYEE
Volk, Colleen,volk.colleen@dayflow.com,Dayflow@10022,EMPLOYEE
Von Massenbach, Anna,von.massenbach.anna@dayflow.com,Dayflow@10183,EMPLOYEE
Walker, Roger,walker.roger@dayflow.com,Dayflow@10190,EMPLOYEE
Wallace, Courtney  E,wallace.courtney.e@dayflow.com,Dayflow@10274,EMPLOYEE
Wallace, Theresa,wallace.theresa@dayflow.com,Dayflow@10293,EMPLOYEE
Wang, Charlie,wang.charlie@dayflow.com,Dayflow@10172,EMPLOYEE
Warfield, Sarah,warfield.sarah@dayflow.com,Dayflow@10127,EMPLOYEE
Whittier, Scott,whittier.scott@dayflow.com,Dayflow@10072,EMPLOYEE
Wilber, Barry,wilber.barry@dayflow.com,Dayflow@10048,EMPLOYEE
Wilkes, Annie,wilkes.annie@dayflow.com,Dayflow@10204,EMPLOYEE
Williams, Jacquelyn  ,williams.jacquelyn@dayflow.com,Dayflow@10264,EMPLOYEE
Winthrop, Jordan  ,winthrop.jordan@dayflow.com,Dayflow@10033,EMPLOYEE
Wolk, Hang  T,wolk.hang.t@dayflow.com,Dayflow@10174,EMPLOYEE
Woodson, Jason,woodson.jason@dayflow.com,Dayflow@10135,EMPLOYEE
Ybarra, Catherine ,ybarra.catherine@dayflow.com,Dayflow@10301,EMPLOYEE
Zamora, Jennifer,zamora.jennifer@dayflow.com,Dayflow@10010,EMPLOYEE
Zhou, Julia,zhou.julia@dayflow.com,Dayflow@10043,EMPLOYEE
Zima, Colleen,zima.colleen@dayflow.com,Dayflow@10271,EMPLOYEE